<?xml version="1.0" encoding="UTF-8"?>
<?xml-stylesheet type="text/xsl" media="screen" href="/~d/styles/rss2full.xsl"?><?xml-stylesheet type="text/css" media="screen" href="http://feeds.reuters.com/~d/styles/itemcontent.css"?><rss xmlns:feedburner="http://rssnamespace.org/feedburner/ext/1.0" version="2.0">
<channel>
<title>Reuters: World News</title>
<link>https://www.reuters.com</link>
<description>Reuters.com is your source for breaking news, business, financial and investing news, including personal finance and stocks.  Reuters is the leading global provider of news, financial information and technology solutions to the world's media, financial institutions, businesses and individuals.</description>
<image>
	<title>Reuters News</title>
	<width>120</width>
	<height>35</height>
	<link>https://www.reuters.com</link>
	<url>https://www.reuters.com/resources_v2/images/reuters125.png</url>
</image>
<language>en-us</language>
<lastBuildDate>Sun, 14 Oct 2018 20:58:29 -0400</lastBuildDate>
<copyright>All rights reserved. Users may download and print extracts of content from this website for their own personal and non-commercial use only. Republication or redistribution of Reuters content, including by framing or similar means, is expressly prohibited without the prior written consent of Reuters. Reuters and the Reuters sphere logo are registered trademarks or trademarks of the Reuters group of companies around the world. © Reuters 2018</copyright>
<atom10:link xmlns:atom10="http://www.w3.org/2005/Atom" rel="self" type="application/rss+xml" href="http://feeds.reuters.com/Reuters/worldNews" /><feedburner:info uri="reuters/worldnews" /><atom10:link xmlns:atom10="http://www.w3.org/2005/Atom" rel="hub" href="http://pubsubhubbub.appspot.com/" /><feedburner:emailServiceId>Reuters/worldNews</feedburner:emailServiceId><feedburner:feedburnerHostname>https://feedburner.google.com</feedburner:feedburnerHostname><feedburner:feedFlare href="https://add.my.yahoo.com/rss?url=http%3A%2F%2Ffeeds.reuters.com%2FReuters%2FworldNews" src="http://us.i1.yimg.com/us.yimg.com/i/us/my/addtomyyahoo4.gif">Subscribe with My Yahoo!</feedburner:feedFlare><feedburner:feedFlare href="http://www.newsgator.com/ngs/subscriber/subext.aspx?url=http%3A%2F%2Ffeeds.reuters.com%2FReuters%2FworldNews" src="http://www.newsgator.com/images/ngsub1.gif">Subscribe with NewsGator</feedburner:feedFlare><feedburner:feedFlare href="http://feeds.my.aol.com/add.jsp?url=http%3A%2F%2Ffeeds.reuters.com%2FReuters%2FworldNews" src="http://o.aolcdn.com/favorites.my.aol.com/webmaster/ffclient/webroot/locale/en-US/images/myAOLButtonSmall.gif">Subscribe with My AOL</feedburner:feedFlare><feedburner:feedFlare href="http://www.bloglines.com/sub/http://feeds.reuters.com/Reuters/worldNews" src="http://www.bloglines.com/images/sub_modern11.gif">Subscribe with Bloglines</feedburner:feedFlare><feedburner:feedFlare href="http://www.netvibes.com/subscribe.php?url=http%3A%2F%2Ffeeds.reuters.com%2FReuters%2FworldNews" src="//www.netvibes.com/img/add2netvibes.gif">Subscribe with Netvibes</feedburner:feedFlare><feedburner:feedFlare href="http://fusion.google.com/add?feedurl=http%3A%2F%2Ffeeds.reuters.com%2FReuters%2FworldNews" src="http://buttons.googlesyndication.com/fusion/add.gif">Subscribe with Google</feedburner:feedFlare><feedburner:feedFlare href="http://www.pageflakes.com/subscribe.aspx?url=http%3A%2F%2Ffeeds.reuters.com%2FReuters%2FworldNews" src="http://www.pageflakes.com/ImageFile.ashx?instanceId=Static_4&amp;fileName=ATP_blu_91x17.gif">Subscribe with Pageflakes</feedburner:feedFlare><item>
		<title>Opinion poll shows some voters warming to Australia's new prime minister</title>

		<description>Australia's new prime minister extended his party's nascent recovery, one widely watched opinion poll showed on Monday, six days before a crucial by-election, but the main Labor opposition still holds a landslide-sized lead before elections due by May.&lt;div class="feedflare"&gt;
&lt;a href="http://feeds.reuters.com/~ff/Reuters/worldNews?a=n43p1m6EqRE:fSNRRYlqX7c:yIl2AUoC8zA"&gt;&lt;img src="http://feeds.feedburner.com/~ff/Reuters/worldNews?d=yIl2AUoC8zA" border="0"&gt;&lt;/img&gt;&lt;/a&gt; &lt;a href="http://feeds.reuters.com/~ff/Reuters/worldNews?a=n43p1m6EqRE:fSNRRYlqX7c:F7zBnMyn0Lo"&gt;&lt;img src="http://feeds.feedburner.com/~ff/Reuters/worldNews?i=n43p1m6EqRE:fSNRRYlqX7c:F7zBnMyn0Lo" border="0"&gt;&lt;/img&gt;&lt;/a&gt; &lt;a href="http://feeds.reuters.com/~ff/Reuters/worldNews?a=n43p1m6EqRE:fSNRRYlqX7c:V_sGLiPBpWU"&gt;&lt;img src="http://feeds.feedburner.com/~ff/Reuters/worldNews?i=n43p1m6EqRE:fSNRRYlqX7c:V_sGLiPBpWU" border="0"&gt;&lt;/img&gt;&lt;/a&gt;
&lt;/div&gt;&lt;img src="http://feeds.feedburner.com/~r/Reuters/worldNews/~4/n43p1m6EqRE" height="1" width="1" alt=""/&gt;</description>

		<link>http://feeds.reuters.com/~r/Reuters/worldNews/~3/n43p1m6EqRE/opinion-poll-shows-some-voters-warming-to-australias-new-prime-minister-idUSKCN1MP01D</link>
        <guid isPermaLink="false">https://www.reuters.com/article/us-australia-politics/opinion-poll-shows-some-voters-warming-to-australias-new-prime-minister-idUSKCN1MP01D?feedType=RSS&amp;feedName=worldNews</guid>
        <category>worldNews</category>
		<pubDate>Sun, 14 Oct 2018 20:47:45 -0400</pubDate>
		<feedburner:origLink>https://www.reuters.com/article/us-australia-politics/opinion-poll-shows-some-voters-warming-to-australias-new-prime-minister-idUSKCN1MP01D?feedType=RSS&amp;feedName=worldNews</feedburner:origLink></item>
<item>
		<title>Head of South Korea's ruling party says Pope wishes to visit North Korea:  Yonhap</title>

		<description>The head of South Korea's ruling Democratic Party of Korea Lee Hae-chan said he had heard that the Pope wishes to visit North Korea next spring, Yonhap news agency reported on Monday.&lt;div class="feedflare"&gt;
&lt;a href="http://feeds.reuters.com/~ff/Reuters/worldNews?a=jMbgLGZjNqQ:nq54VF2bA6U:yIl2AUoC8zA"&gt;&lt;img src="http://feeds.feedburner.com/~ff/Reuters/worldNews?d=yIl2AUoC8zA" border="0"&gt;&lt;/img&gt;&lt;/a&gt; &lt;a href="http://feeds.reuters.com/~ff/Reuters/worldNews?a=jMbgLGZjNqQ:nq54VF2bA6U:F7zBnMyn0Lo"&gt;&lt;img src="http://feeds.feedburner.com/~ff/Reuters/worldNews?i=jMbgLGZjNqQ:nq54VF2bA6U:F7zBnMyn0Lo" border="0"&gt;&lt;/img&gt;&lt;/a&gt; &lt;a href="http://feeds.reuters.com/~ff/Reuters/worldNews?a=jMbgLGZjNqQ:nq54VF2bA6U:V_sGLiPBpWU"&gt;&lt;img src="http://feeds.feedburner.com/~ff/Reuters/worldNews?i=jMbgLGZjNqQ:nq54VF2bA6U:V_sGLiPBpWU" border="0"&gt;&lt;/img&gt;&lt;/a&gt;
&lt;/div&gt;&lt;img src="http://feeds.feedburner.com/~r/Reuters/worldNews/~4/jMbgLGZjNqQ" height="1" width="1" alt=""/&gt;</description>

		<link>http://feeds.reuters.com/~r/Reuters/worldNews/~3/jMbgLGZjNqQ/head-of-south-koreas-ruling-party-says-pope-wishes-to-visit-north-korea-yonhap-idUSKCN1MP00J</link>
        <guid isPermaLink="false">https://www.reuters.com/article/us-northkorea-pope/head-of-south-koreas-ruling-party-says-pope-wishes-to-visit-north-korea-yonhap-idUSKCN1MP00J?feedType=RSS&amp;feedName=worldNews</guid>
        <category>worldNews</category>
		<pubDate>Sun, 14 Oct 2018 20:23:47 -0400</pubDate>
		<feedburner:origLink>https://www.reuters.com/article/us-northkorea-pope/head-of-south-koreas-ruling-party-says-pope-wishes-to-visit-north-korea-yonhap-idUSKCN1MP00J?feedType=RSS&amp;feedName=worldNews</feedburner:origLink></item>
<item>
		<title>Saudi Arabia says will retaliate against any sanctions over Khashoggi case</title>

		<description>Saudi Arabia on Sunday warned against threats to punish it over last week's disappearance of journalist Jamal Khashoggi, as European leaders piled on pressure and two more U.S. executives scrapped plans to attend a Saudi investor conference.&lt;div class="feedflare"&gt;
&lt;a href="http://feeds.reuters.com/~ff/Reuters/worldNews?a=7NrCO843a1c:sqMMtRWJ3FE:yIl2AUoC8zA"&gt;&lt;img src="http://feeds.feedburner.com/~ff/Reuters/worldNews?d=yIl2AUoC8zA" border="0"&gt;&lt;/img&gt;&lt;/a&gt; &lt;a href="http://feeds.reuters.com/~ff/Reuters/worldNews?a=7NrCO843a1c:sqMMtRWJ3FE:F7zBnMyn0Lo"&gt;&lt;img src="http://feeds.feedburner.com/~ff/Reuters/worldNews?i=7NrCO843a1c:sqMMtRWJ3FE:F7zBnMyn0Lo" border="0"&gt;&lt;/img&gt;&lt;/a&gt; &lt;a href="http://feeds.reuters.com/~ff/Reuters/worldNews?a=7NrCO843a1c:sqMMtRWJ3FE:V_sGLiPBpWU"&gt;&lt;img src="http://feeds.feedburner.com/~ff/Reuters/worldNews?i=7NrCO843a1c:sqMMtRWJ3FE:V_sGLiPBpWU" border="0"&gt;&lt;/img&gt;&lt;/a&gt;
&lt;/div&gt;&lt;img src="http://feeds.feedburner.com/~r/Reuters/worldNews/~4/7NrCO843a1c" height="1" width="1" alt=""/&gt;</description>

		<link>http://feeds.reuters.com/~r/Reuters/worldNews/~3/7NrCO843a1c/saudi-arabia-says-will-retaliate-against-any-sanctions-over-khashoggi-case-idUSKCN1MO0F1</link>
        <guid isPermaLink="false">https://www.reuters.com/article/us-saudi-politics-dissident-sanctions/saudi-arabia-says-will-retaliate-against-any-sanctions-over-khashoggi-case-idUSKCN1MO0F1?feedType=RSS&amp;feedName=worldNews</guid>
        <category>worldNews</category>
		<pubDate>Sun, 14 Oct 2018 20:15:10 -0400</pubDate>
		<feedburner:origLink>https://www.reuters.com/article/us-saudi-politics-dissident-sanctions/saudi-arabia-says-will-retaliate-against-any-sanctions-over-khashoggi-case-idUSKCN1MO0F1?feedType=RSS&amp;feedName=worldNews</feedburner:origLink></item>
<item>
		<title>Senator Rubio says U.S. must take action over Saudi journalist</title>

		<description>Republican U.S. Senator Marco Rubio said the United States must confront Saudi Arabia or risk losing credibility on human rights, if allegations are proven true that the Saudi government orchestrated the killing of journalist Jamal Khashoggi.&lt;div class="feedflare"&gt;
&lt;a href="http://feeds.reuters.com/~ff/Reuters/worldNews?a=y82UwGvHmpI:5msSfwIckRM:yIl2AUoC8zA"&gt;&lt;img src="http://feeds.feedburner.com/~ff/Reuters/worldNews?d=yIl2AUoC8zA" border="0"&gt;&lt;/img&gt;&lt;/a&gt; &lt;a href="http://feeds.reuters.com/~ff/Reuters/worldNews?a=y82UwGvHmpI:5msSfwIckRM:F7zBnMyn0Lo"&gt;&lt;img src="http://feeds.feedburner.com/~ff/Reuters/worldNews?i=y82UwGvHmpI:5msSfwIckRM:F7zBnMyn0Lo" border="0"&gt;&lt;/img&gt;&lt;/a&gt; &lt;a href="http://feeds.reuters.com/~ff/Reuters/worldNews?a=y82UwGvHmpI:5msSfwIckRM:V_sGLiPBpWU"&gt;&lt;img src="http://feeds.feedburner.com/~ff/Reuters/worldNews?i=y82UwGvHmpI:5msSfwIckRM:V_sGLiPBpWU" border="0"&gt;&lt;/img&gt;&lt;/a&gt;
&lt;/div&gt;&lt;img src="http://feeds.feedburner.com/~r/Reuters/worldNews/~4/y82UwGvHmpI" height="1" width="1" alt=""/&gt;</description>

		<link>http://feeds.reuters.com/~r/Reuters/worldNews/~3/y82UwGvHmpI/senator-rubio-says-u-s-must-take-action-over-saudi-journalist-idUSKCN1MO0JY</link>
        <guid isPermaLink="false">https://www.reuters.com/article/us-saudi-politics-dissident-rubio/senator-rubio-says-u-s-must-take-action-over-saudi-journalist-idUSKCN1MO0JY?feedType=RSS&amp;feedName=worldNews</guid>
        <category>worldNews</category>
		<pubDate>Sun, 14 Oct 2018 20:15:10 -0400</pubDate>
		<feedburner:origLink>https://www.reuters.com/article/us-saudi-politics-dissident-rubio/senator-rubio-says-u-s-must-take-action-over-saudi-journalist-idUSKCN1MO0JY?feedType=RSS&amp;feedName=worldNews</feedburner:origLink></item>
<item>
		<title>Egypt calls for transparent investigation of Khashoggi case</title>

		<description>Egypt on Sunday called for a transparent investigation into the disappearance of Saudi journalist Jamal Khashoggi and warned against the case being used to politically exploit Saudi Arabia.&lt;div class="feedflare"&gt;
&lt;a href="http://feeds.reuters.com/~ff/Reuters/worldNews?a=eAxsXhmNsys:bPxNwWaMNsc:yIl2AUoC8zA"&gt;&lt;img src="http://feeds.feedburner.com/~ff/Reuters/worldNews?d=yIl2AUoC8zA" border="0"&gt;&lt;/img&gt;&lt;/a&gt; &lt;a href="http://feeds.reuters.com/~ff/Reuters/worldNews?a=eAxsXhmNsys:bPxNwWaMNsc:F7zBnMyn0Lo"&gt;&lt;img src="http://feeds.feedburner.com/~ff/Reuters/worldNews?i=eAxsXhmNsys:bPxNwWaMNsc:F7zBnMyn0Lo" border="0"&gt;&lt;/img&gt;&lt;/a&gt; &lt;a href="http://feeds.reuters.com/~ff/Reuters/worldNews?a=eAxsXhmNsys:bPxNwWaMNsc:V_sGLiPBpWU"&gt;&lt;img src="http://feeds.feedburner.com/~ff/Reuters/worldNews?i=eAxsXhmNsys:bPxNwWaMNsc:V_sGLiPBpWU" border="0"&gt;&lt;/img&gt;&lt;/a&gt;
&lt;/div&gt;&lt;img src="http://feeds.feedburner.com/~r/Reuters/worldNews/~4/eAxsXhmNsys" height="1" width="1" alt=""/&gt;</description>

		<link>http://feeds.reuters.com/~r/Reuters/worldNews/~3/eAxsXhmNsys/egypt-calls-for-transparent-investigation-of-khashoggi-case-idUSKCN1MO0U1</link>
        <guid isPermaLink="false">https://www.reuters.com/article/us-saudi-politics-dissident-egypt/egypt-calls-for-transparent-investigation-of-khashoggi-case-idUSKCN1MO0U1?feedType=RSS&amp;feedName=worldNews</guid>
        <category>worldNews</category>
		<pubDate>Sun, 14 Oct 2018 20:15:10 -0400</pubDate>
		<feedburner:origLink>https://www.reuters.com/article/us-saudi-politics-dissident-egypt/egypt-calls-for-transparent-investigation-of-khashoggi-case-idUSKCN1MO0U1?feedType=RSS&amp;feedName=worldNews</feedburner:origLink></item>
<item>
		<title>JP Morgan and Ford cancel plans for Saudi investor event</title>

		<description>JP Morgan &amp; Chase Co  Chief Executive Jamie Dimon and Ford Motor Co  Chairman Bill Ford canceled plans to attend a Saudi investor conference, the companies said on Sunday, the latest such high-profile announcements after the disappearance of Saudi journalist Jamal Khashoggi.&lt;div class="feedflare"&gt;
&lt;a href="http://feeds.reuters.com/~ff/Reuters/worldNews?a=3yWEnir-ZjE:kLMDLUeqdGM:yIl2AUoC8zA"&gt;&lt;img src="http://feeds.feedburner.com/~ff/Reuters/worldNews?d=yIl2AUoC8zA" border="0"&gt;&lt;/img&gt;&lt;/a&gt; &lt;a href="http://feeds.reuters.com/~ff/Reuters/worldNews?a=3yWEnir-ZjE:kLMDLUeqdGM:F7zBnMyn0Lo"&gt;&lt;img src="http://feeds.feedburner.com/~ff/Reuters/worldNews?i=3yWEnir-ZjE:kLMDLUeqdGM:F7zBnMyn0Lo" border="0"&gt;&lt;/img&gt;&lt;/a&gt; &lt;a href="http://feeds.reuters.com/~ff/Reuters/worldNews?a=3yWEnir-ZjE:kLMDLUeqdGM:V_sGLiPBpWU"&gt;&lt;img src="http://feeds.feedburner.com/~ff/Reuters/worldNews?i=3yWEnir-ZjE:kLMDLUeqdGM:V_sGLiPBpWU" border="0"&gt;&lt;/img&gt;&lt;/a&gt;
&lt;/div&gt;&lt;img src="http://feeds.feedburner.com/~r/Reuters/worldNews/~4/3yWEnir-ZjE" height="1" width="1" alt=""/&gt;</description>

		<link>http://feeds.reuters.com/~r/Reuters/worldNews/~3/3yWEnir-ZjE/jp-morgan-and-ford-cancel-plans-for-saudi-investor-event-idUSKCN1MO0VU</link>
        <guid isPermaLink="false">https://www.reuters.com/article/us-saudi-politics-dissident-ford/jp-morgan-and-ford-cancel-plans-for-saudi-investor-event-idUSKCN1MO0VU?feedType=RSS&amp;feedName=worldNews</guid>
        <category>worldNews</category>
		<pubDate>Sun, 14 Oct 2018 20:15:10 -0400</pubDate>
		<feedburner:origLink>https://www.reuters.com/article/us-saudi-politics-dissident-ford/jp-morgan-and-ford-cancel-plans-for-saudi-investor-event-idUSKCN1MO0VU?feedType=RSS&amp;feedName=worldNews</feedburner:origLink></item>
<item>
		<title>Heeding China's call, Hong Kong tightens grip on dissent</title>

		<description>As Hong Kong's government hews closer to Beijing, officials are taking a tough line on perceived national security threats, even deploying an elite police unit for political monitoring and surveillance - a sharp escalation in rhetoric and action.&lt;div class="feedflare"&gt;
&lt;a href="http://feeds.reuters.com/~ff/Reuters/worldNews?a=tRbSZbtJqK0:U5bdNuO_-uo:yIl2AUoC8zA"&gt;&lt;img src="http://feeds.feedburner.com/~ff/Reuters/worldNews?d=yIl2AUoC8zA" border="0"&gt;&lt;/img&gt;&lt;/a&gt; &lt;a href="http://feeds.reuters.com/~ff/Reuters/worldNews?a=tRbSZbtJqK0:U5bdNuO_-uo:F7zBnMyn0Lo"&gt;&lt;img src="http://feeds.feedburner.com/~ff/Reuters/worldNews?i=tRbSZbtJqK0:U5bdNuO_-uo:F7zBnMyn0Lo" border="0"&gt;&lt;/img&gt;&lt;/a&gt; &lt;a href="http://feeds.reuters.com/~ff/Reuters/worldNews?a=tRbSZbtJqK0:U5bdNuO_-uo:V_sGLiPBpWU"&gt;&lt;img src="http://feeds.feedburner.com/~ff/Reuters/worldNews?i=tRbSZbtJqK0:U5bdNuO_-uo:V_sGLiPBpWU" border="0"&gt;&lt;/img&gt;&lt;/a&gt;
&lt;/div&gt;&lt;img src="http://feeds.feedburner.com/~r/Reuters/worldNews/~4/tRbSZbtJqK0" height="1" width="1" alt=""/&gt;</description>

		<link>http://feeds.reuters.com/~r/Reuters/worldNews/~3/tRbSZbtJqK0/heeding-chinas-call-hong-kong-tightens-grip-on-dissent-idUSKCN1MN09A</link>
        <guid isPermaLink="false">https://www.reuters.com/article/us-hongkong-politics-analysis/heeding-chinas-call-hong-kong-tightens-grip-on-dissent-idUSKCN1MN09A?feedType=RSS&amp;feedName=worldNews</guid>
        <category>worldNews</category>
		<pubDate>Sun, 14 Oct 2018 20:09:29 -0400</pubDate>
		<feedburner:origLink>https://www.reuters.com/article/us-hongkong-politics-analysis/heeding-chinas-call-hong-kong-tightens-grip-on-dissent-idUSKCN1MN09A?feedType=RSS&amp;feedName=worldNews</feedburner:origLink></item>
<item>
		<title>UK's Labour says would stop selling arms to Saudi Arabia</title>

		<description>Britain's main opposition Labour Party would stop selling arms to Saudi Arabia if it was in government, its foreign policy spokeswoman said on Sunday after the disappearance of Saudi journalist Jamal Khashoggi.&lt;div class="feedflare"&gt;
&lt;a href="http://feeds.reuters.com/~ff/Reuters/worldNews?a=o5mEAY5lsMM:z8BEjQC0G_o:yIl2AUoC8zA"&gt;&lt;img src="http://feeds.feedburner.com/~ff/Reuters/worldNews?d=yIl2AUoC8zA" border="0"&gt;&lt;/img&gt;&lt;/a&gt; &lt;a href="http://feeds.reuters.com/~ff/Reuters/worldNews?a=o5mEAY5lsMM:z8BEjQC0G_o:F7zBnMyn0Lo"&gt;&lt;img src="http://feeds.feedburner.com/~ff/Reuters/worldNews?i=o5mEAY5lsMM:z8BEjQC0G_o:F7zBnMyn0Lo" border="0"&gt;&lt;/img&gt;&lt;/a&gt; &lt;a href="http://feeds.reuters.com/~ff/Reuters/worldNews?a=o5mEAY5lsMM:z8BEjQC0G_o:V_sGLiPBpWU"&gt;&lt;img src="http://feeds.feedburner.com/~ff/Reuters/worldNews?i=o5mEAY5lsMM:z8BEjQC0G_o:V_sGLiPBpWU" border="0"&gt;&lt;/img&gt;&lt;/a&gt;
&lt;/div&gt;&lt;img src="http://feeds.feedburner.com/~r/Reuters/worldNews/~4/o5mEAY5lsMM" height="1" width="1" alt=""/&gt;</description>

		<link>http://feeds.reuters.com/~r/Reuters/worldNews/~3/o5mEAY5lsMM/uks-labour-says-would-stop-selling-arms-to-saudi-arabia-idUSKCN1MO0DH</link>
        <guid isPermaLink="false">https://www.reuters.com/article/us-saudi-politics-dissident-labour/uks-labour-says-would-stop-selling-arms-to-saudi-arabia-idUSKCN1MO0DH?feedType=RSS&amp;feedName=worldNews</guid>
        <category>worldNews</category>
		<pubDate>Sun, 14 Oct 2018 19:24:24 -0400</pubDate>
		<feedburner:origLink>https://www.reuters.com/article/us-saudi-politics-dissident-labour/uks-labour-says-would-stop-selling-arms-to-saudi-arabia-idUSKCN1MO0DH?feedType=RSS&amp;feedName=worldNews</feedburner:origLink></item>
<item>
		<title>JP Morgan CEO Dimon cancels plans to attend Saudi investor event</title>

		<description>JP Morgan Chase &amp; Co  Chief Executive Jamie Dimon has canceled plans to attend a Saudi Arabian investor conference later this month, the company said on Sunday, the latest high-profile cancellation after the disappearance of Saudi journalist Jamal Khashoggi.&lt;div class="feedflare"&gt;
&lt;a href="http://feeds.reuters.com/~ff/Reuters/worldNews?a=IcME6zxdptU:P0hjpyOpTlU:yIl2AUoC8zA"&gt;&lt;img src="http://feeds.feedburner.com/~ff/Reuters/worldNews?d=yIl2AUoC8zA" border="0"&gt;&lt;/img&gt;&lt;/a&gt; &lt;a href="http://feeds.reuters.com/~ff/Reuters/worldNews?a=IcME6zxdptU:P0hjpyOpTlU:F7zBnMyn0Lo"&gt;&lt;img src="http://feeds.feedburner.com/~ff/Reuters/worldNews?i=IcME6zxdptU:P0hjpyOpTlU:F7zBnMyn0Lo" border="0"&gt;&lt;/img&gt;&lt;/a&gt; &lt;a href="http://feeds.reuters.com/~ff/Reuters/worldNews?a=IcME6zxdptU:P0hjpyOpTlU:V_sGLiPBpWU"&gt;&lt;img src="http://feeds.feedburner.com/~ff/Reuters/worldNews?i=IcME6zxdptU:P0hjpyOpTlU:V_sGLiPBpWU" border="0"&gt;&lt;/img&gt;&lt;/a&gt;
&lt;/div&gt;&lt;img src="http://feeds.feedburner.com/~r/Reuters/worldNews/~4/IcME6zxdptU" height="1" width="1" alt=""/&gt;</description>

		<link>http://feeds.reuters.com/~r/Reuters/worldNews/~3/IcME6zxdptU/jp-morgan-ceo-dimon-cancels-plans-to-attend-saudi-investor-event-idUSKCN1MO0YV</link>
        <guid isPermaLink="false">https://www.reuters.com/article/us-saudi-politics-dissident-jpmorgan/jp-morgan-ceo-dimon-cancels-plans-to-attend-saudi-investor-event-idUSKCN1MO0YV?feedType=RSS&amp;feedName=worldNews</guid>
        <category>worldNews</category>
		<pubDate>Sun, 14 Oct 2018 19:24:03 -0400</pubDate>
		<feedburner:origLink>https://www.reuters.com/article/us-saudi-politics-dissident-jpmorgan/jp-morgan-ceo-dimon-cancels-plans-to-attend-saudi-investor-event-idUSKCN1MO0YV?feedType=RSS&amp;feedName=worldNews</feedburner:origLink></item>
<item>
		<title>Brexit talks stall before midweek EU summit</title>

		<description>By Gabriela Baczynska, Alastair Macdonald and Elizabeth Piper&lt;div class="feedflare"&gt;
&lt;a href="http://feeds.reuters.com/~ff/Reuters/worldNews?a=78ens6Xc5l8:qt1v9o4qd34:yIl2AUoC8zA"&gt;&lt;img src="http://feeds.feedburner.com/~ff/Reuters/worldNews?d=yIl2AUoC8zA" border="0"&gt;&lt;/img&gt;&lt;/a&gt; &lt;a href="http://feeds.reuters.com/~ff/Reuters/worldNews?a=78ens6Xc5l8:qt1v9o4qd34:F7zBnMyn0Lo"&gt;&lt;img src="http://feeds.feedburner.com/~ff/Reuters/worldNews?i=78ens6Xc5l8:qt1v9o4qd34:F7zBnMyn0Lo" border="0"&gt;&lt;/img&gt;&lt;/a&gt; &lt;a href="http://feeds.reuters.com/~ff/Reuters/worldNews?a=78ens6Xc5l8:qt1v9o4qd34:V_sGLiPBpWU"&gt;&lt;img src="http://feeds.feedburner.com/~ff/Reuters/worldNews?i=78ens6Xc5l8:qt1v9o4qd34:V_sGLiPBpWU" border="0"&gt;&lt;/img&gt;&lt;/a&gt;
&lt;/div&gt;&lt;img src="http://feeds.feedburner.com/~r/Reuters/worldNews/~4/78ens6Xc5l8" height="1" width="1" alt=""/&gt;</description>

		<link>http://feeds.reuters.com/~r/Reuters/worldNews/~3/78ens6Xc5l8/brexit-talks-stall-before-midweek-eu-summit-idUSKCN1MO0FU</link>
        <guid isPermaLink="false">https://www.reuters.com/article/us-britain-eu/brexit-talks-stall-before-midweek-eu-summit-idUSKCN1MO0FU?feedType=RSS&amp;feedName=worldNews</guid>
        <category>worldNews</category>
		<pubDate>Sun, 14 Oct 2018 19:07:59 -0400</pubDate>
		<feedburner:origLink>https://www.reuters.com/article/us-britain-eu/brexit-talks-stall-before-midweek-eu-summit-idUSKCN1MO0FU?feedType=RSS&amp;feedName=worldNews</feedburner:origLink></item>
<item>
		<title>Stand up to EU bullies, UK's ex-foreign minister Johnson says</title>

		<description>Britain must stand up to bullies in the European Union and press for a "super Canada" free trade deal, former foreign minister Boris Johnson said, increasing pressure on his former boss, Prime Minister Theresa May, over Brexit.&lt;div class="feedflare"&gt;
&lt;a href="http://feeds.reuters.com/~ff/Reuters/worldNews?a=ypJ99MJQs84:9GIj1yxnnBI:yIl2AUoC8zA"&gt;&lt;img src="http://feeds.feedburner.com/~ff/Reuters/worldNews?d=yIl2AUoC8zA" border="0"&gt;&lt;/img&gt;&lt;/a&gt; &lt;a href="http://feeds.reuters.com/~ff/Reuters/worldNews?a=ypJ99MJQs84:9GIj1yxnnBI:F7zBnMyn0Lo"&gt;&lt;img src="http://feeds.feedburner.com/~ff/Reuters/worldNews?i=ypJ99MJQs84:9GIj1yxnnBI:F7zBnMyn0Lo" border="0"&gt;&lt;/img&gt;&lt;/a&gt; &lt;a href="http://feeds.reuters.com/~ff/Reuters/worldNews?a=ypJ99MJQs84:9GIj1yxnnBI:V_sGLiPBpWU"&gt;&lt;img src="http://feeds.feedburner.com/~ff/Reuters/worldNews?i=ypJ99MJQs84:9GIj1yxnnBI:V_sGLiPBpWU" border="0"&gt;&lt;/img&gt;&lt;/a&gt;
&lt;/div&gt;&lt;img src="http://feeds.feedburner.com/~r/Reuters/worldNews/~4/ypJ99MJQs84" height="1" width="1" alt=""/&gt;</description>

		<link>http://feeds.reuters.com/~r/Reuters/worldNews/~3/ypJ99MJQs84/stand-up-to-eu-bullies-uks-ex-foreign-minister-johnson-says-idUSKCN1MO0VM</link>
        <guid isPermaLink="false">https://www.reuters.com/article/us-britain-eu-johnson/stand-up-to-eu-bullies-uks-ex-foreign-minister-johnson-says-idUSKCN1MO0VM?feedType=RSS&amp;feedName=worldNews</guid>
        <category>worldNews</category>
		<pubDate>Sun, 14 Oct 2018 19:07:59 -0400</pubDate>
		<feedburner:origLink>https://www.reuters.com/article/us-britain-eu-johnson/stand-up-to-eu-bullies-uks-ex-foreign-minister-johnson-says-idUSKCN1MO0VM?feedType=RSS&amp;feedName=worldNews</feedburner:origLink></item>
<item>
		<title>Agree Brexit deal for security, British foreign minister says to EU</title>

		<description>British foreign minister Jeremy Hunt will urge the European Union on Monday to agree a Brexit deal to ensure the region can tackle global threats such as cyber attacks, migration and terrorism.&lt;div class="feedflare"&gt;
&lt;a href="http://feeds.reuters.com/~ff/Reuters/worldNews?a=2SxhL3tOTSc:gW9j_w7FT10:yIl2AUoC8zA"&gt;&lt;img src="http://feeds.feedburner.com/~ff/Reuters/worldNews?d=yIl2AUoC8zA" border="0"&gt;&lt;/img&gt;&lt;/a&gt; &lt;a href="http://feeds.reuters.com/~ff/Reuters/worldNews?a=2SxhL3tOTSc:gW9j_w7FT10:F7zBnMyn0Lo"&gt;&lt;img src="http://feeds.feedburner.com/~ff/Reuters/worldNews?i=2SxhL3tOTSc:gW9j_w7FT10:F7zBnMyn0Lo" border="0"&gt;&lt;/img&gt;&lt;/a&gt; &lt;a href="http://feeds.reuters.com/~ff/Reuters/worldNews?a=2SxhL3tOTSc:gW9j_w7FT10:V_sGLiPBpWU"&gt;&lt;img src="http://feeds.feedburner.com/~ff/Reuters/worldNews?i=2SxhL3tOTSc:gW9j_w7FT10:V_sGLiPBpWU" border="0"&gt;&lt;/img&gt;&lt;/a&gt;
&lt;/div&gt;&lt;img src="http://feeds.feedburner.com/~r/Reuters/worldNews/~4/2SxhL3tOTSc" height="1" width="1" alt=""/&gt;</description>

		<link>http://feeds.reuters.com/~r/Reuters/worldNews/~3/2SxhL3tOTSc/agree-brexit-deal-for-security-british-foreign-minister-says-to-eu-idUSKCN1MO0XZ</link>
        <guid isPermaLink="false">https://www.reuters.com/article/us-britain-eu-foreign/agree-brexit-deal-for-security-british-foreign-minister-says-to-eu-idUSKCN1MO0XZ?feedType=RSS&amp;feedName=worldNews</guid>
        <category>worldNews</category>
		<pubDate>Sun, 14 Oct 2018 19:07:22 -0400</pubDate>
		<feedburner:origLink>https://www.reuters.com/article/us-britain-eu-foreign/agree-brexit-deal-for-security-british-foreign-minister-says-to-eu-idUSKCN1MO0XZ?feedType=RSS&amp;feedName=worldNews</feedburner:origLink></item>
<item>
		<title>Ecuador partly restores internet access for WikiLeaks founder Assange</title>

		<description>Ecuador has restored partial internet access to WikiLeaks founder Julian Assange, who took refuge in the country's London Embassy more than six years ago, WikiLeaks and an Assange lawyer said separately on Sunday.&lt;div class="feedflare"&gt;
&lt;a href="http://feeds.reuters.com/~ff/Reuters/worldNews?a=B1DbO2v6tjc:HDIcGG996JA:yIl2AUoC8zA"&gt;&lt;img src="http://feeds.feedburner.com/~ff/Reuters/worldNews?d=yIl2AUoC8zA" border="0"&gt;&lt;/img&gt;&lt;/a&gt; &lt;a href="http://feeds.reuters.com/~ff/Reuters/worldNews?a=B1DbO2v6tjc:HDIcGG996JA:F7zBnMyn0Lo"&gt;&lt;img src="http://feeds.feedburner.com/~ff/Reuters/worldNews?i=B1DbO2v6tjc:HDIcGG996JA:F7zBnMyn0Lo" border="0"&gt;&lt;/img&gt;&lt;/a&gt; &lt;a href="http://feeds.reuters.com/~ff/Reuters/worldNews?a=B1DbO2v6tjc:HDIcGG996JA:V_sGLiPBpWU"&gt;&lt;img src="http://feeds.feedburner.com/~ff/Reuters/worldNews?i=B1DbO2v6tjc:HDIcGG996JA:V_sGLiPBpWU" border="0"&gt;&lt;/img&gt;&lt;/a&gt;
&lt;/div&gt;&lt;img src="http://feeds.feedburner.com/~r/Reuters/worldNews/~4/B1DbO2v6tjc" height="1" width="1" alt=""/&gt;</description>

		<link>http://feeds.reuters.com/~r/Reuters/worldNews/~3/B1DbO2v6tjc/ecuador-partly-restores-internet-access-for-wikileaks-founder-assange-idUSKCN1MO0WM</link>
        <guid isPermaLink="false">https://www.reuters.com/article/us-britain-ecuador-assange/ecuador-partly-restores-internet-access-for-wikileaks-founder-assange-idUSKCN1MO0WM?feedType=RSS&amp;feedName=worldNews</guid>
        <category>worldNews</category>
		<pubDate>Sun, 14 Oct 2018 18:26:20 -0400</pubDate>
		<feedburner:origLink>https://www.reuters.com/article/us-britain-ecuador-assange/ecuador-partly-restores-internet-access-for-wikileaks-founder-assange-idUSKCN1MO0WM?feedType=RSS&amp;feedName=worldNews</feedburner:origLink></item>
<item>
		<title>Turkey obtains recordings of Saudi journalist's purported killing: paper</title>

		<description>Turkey's investigation into the disappearance of prominent Saudi journalist Jamal Khashoggi has revealed recordings made on his Apple Watch purportedly indicating he was tortured and killed, a Turkish newspaper reported on Saturday.&lt;div class="feedflare"&gt;
&lt;a href="http://feeds.reuters.com/~ff/Reuters/worldNews?a=CaLiaUCMqlI:ft1yIS-VI-E:yIl2AUoC8zA"&gt;&lt;img src="http://feeds.feedburner.com/~ff/Reuters/worldNews?d=yIl2AUoC8zA" border="0"&gt;&lt;/img&gt;&lt;/a&gt; &lt;a href="http://feeds.reuters.com/~ff/Reuters/worldNews?a=CaLiaUCMqlI:ft1yIS-VI-E:F7zBnMyn0Lo"&gt;&lt;img src="http://feeds.feedburner.com/~ff/Reuters/worldNews?i=CaLiaUCMqlI:ft1yIS-VI-E:F7zBnMyn0Lo" border="0"&gt;&lt;/img&gt;&lt;/a&gt; &lt;a href="http://feeds.reuters.com/~ff/Reuters/worldNews?a=CaLiaUCMqlI:ft1yIS-VI-E:V_sGLiPBpWU"&gt;&lt;img src="http://feeds.feedburner.com/~ff/Reuters/worldNews?i=CaLiaUCMqlI:ft1yIS-VI-E:V_sGLiPBpWU" border="0"&gt;&lt;/img&gt;&lt;/a&gt;
&lt;/div&gt;&lt;img src="http://feeds.feedburner.com/~r/Reuters/worldNews/~4/CaLiaUCMqlI" height="1" width="1" alt=""/&gt;</description>

		<link>http://feeds.reuters.com/~r/Reuters/worldNews/~3/CaLiaUCMqlI/turkey-obtains-recordings-of-saudi-journalists-purported-killing-paper-idUSKCN1MN08G</link>
        <guid isPermaLink="false">https://www.reuters.com/article/us-saudi-politics-dissident/turkey-obtains-recordings-of-saudi-journalists-purported-killing-paper-idUSKCN1MN08G?feedType=RSS&amp;feedName=worldNews</guid>
        <category>worldNews</category>
		<pubDate>Sun, 14 Oct 2018 18:22:33 -0400</pubDate>
		<feedburner:origLink>https://www.reuters.com/article/us-saudi-politics-dissident/turkey-obtains-recordings-of-saudi-journalists-purported-killing-paper-idUSKCN1MN08G?feedType=RSS&amp;feedName=worldNews</feedburner:origLink></item>
<item>
		<title>U.S. student barred by Israel appeals to top court</title>

		<description>A U.S. student barred from Israel under a law against pro-Palestinian boycotters filed an appeal on Sunday with its top court, which suspended her deportation pending a discussion of the case.&lt;div class="feedflare"&gt;
&lt;a href="http://feeds.reuters.com/~ff/Reuters/worldNews?a=5LAHSwVLO6c:mFTGSpMt1fs:yIl2AUoC8zA"&gt;&lt;img src="http://feeds.feedburner.com/~ff/Reuters/worldNews?d=yIl2AUoC8zA" border="0"&gt;&lt;/img&gt;&lt;/a&gt; &lt;a href="http://feeds.reuters.com/~ff/Reuters/worldNews?a=5LAHSwVLO6c:mFTGSpMt1fs:F7zBnMyn0Lo"&gt;&lt;img src="http://feeds.feedburner.com/~ff/Reuters/worldNews?i=5LAHSwVLO6c:mFTGSpMt1fs:F7zBnMyn0Lo" border="0"&gt;&lt;/img&gt;&lt;/a&gt; &lt;a href="http://feeds.reuters.com/~ff/Reuters/worldNews?a=5LAHSwVLO6c:mFTGSpMt1fs:V_sGLiPBpWU"&gt;&lt;img src="http://feeds.feedburner.com/~ff/Reuters/worldNews?i=5LAHSwVLO6c:mFTGSpMt1fs:V_sGLiPBpWU" border="0"&gt;&lt;/img&gt;&lt;/a&gt;
&lt;/div&gt;&lt;img src="http://feeds.feedburner.com/~r/Reuters/worldNews/~4/5LAHSwVLO6c" height="1" width="1" alt=""/&gt;</description>

		<link>http://feeds.reuters.com/~r/Reuters/worldNews/~3/5LAHSwVLO6c/u-s-student-barred-by-israel-appeals-to-top-court-idUSKCN1MO0KU</link>
        <guid isPermaLink="false">https://www.reuters.com/article/us-israel-palestinians-usa-student/u-s-student-barred-by-israel-appeals-to-top-court-idUSKCN1MO0KU?feedType=RSS&amp;feedName=worldNews</guid>
        <category>worldNews</category>
		<pubDate>Sun, 14 Oct 2018 17:59:53 -0400</pubDate>
		<feedburner:origLink>https://www.reuters.com/article/us-israel-palestinians-usa-student/u-s-student-barred-by-israel-appeals-to-top-court-idUSKCN1MO0KU?feedType=RSS&amp;feedName=worldNews</feedburner:origLink></item>
<item>
		<title>Tale of two brothers reflects Syrian rebel unity and divisions</title>

		<description>Brothers Abu Eliyas and Abu Yousef have fought at opposite ends of the insurgency against Syrian President Bashar al-Assad.&lt;div class="feedflare"&gt;
&lt;a href="http://feeds.reuters.com/~ff/Reuters/worldNews?a=rNr_0G9fSaE:QiuW0aftfdg:yIl2AUoC8zA"&gt;&lt;img src="http://feeds.feedburner.com/~ff/Reuters/worldNews?d=yIl2AUoC8zA" border="0"&gt;&lt;/img&gt;&lt;/a&gt; &lt;a href="http://feeds.reuters.com/~ff/Reuters/worldNews?a=rNr_0G9fSaE:QiuW0aftfdg:F7zBnMyn0Lo"&gt;&lt;img src="http://feeds.feedburner.com/~ff/Reuters/worldNews?i=rNr_0G9fSaE:QiuW0aftfdg:F7zBnMyn0Lo" border="0"&gt;&lt;/img&gt;&lt;/a&gt; &lt;a href="http://feeds.reuters.com/~ff/Reuters/worldNews?a=rNr_0G9fSaE:QiuW0aftfdg:V_sGLiPBpWU"&gt;&lt;img src="http://feeds.feedburner.com/~ff/Reuters/worldNews?i=rNr_0G9fSaE:QiuW0aftfdg:V_sGLiPBpWU" border="0"&gt;&lt;/img&gt;&lt;/a&gt;
&lt;/div&gt;&lt;img src="http://feeds.feedburner.com/~r/Reuters/worldNews/~4/rNr_0G9fSaE" height="1" width="1" alt=""/&gt;</description>

		<link>http://feeds.reuters.com/~r/Reuters/worldNews/~3/rNr_0G9fSaE/tale-of-two-brothers-reflects-syrian-rebel-unity-and-divisions-idUSKCN1MO0EL</link>
        <guid isPermaLink="false">https://www.reuters.com/article/us-mideast-crisis-syria-rebels/tale-of-two-brothers-reflects-syrian-rebel-unity-and-divisions-idUSKCN1MO0EL?feedType=RSS&amp;feedName=worldNews</guid>
        <category>worldNews</category>
		<pubDate>Sun, 14 Oct 2018 17:56:54 -0400</pubDate>
		<feedburner:origLink>https://www.reuters.com/article/us-mideast-crisis-syria-rebels/tale-of-two-brothers-reflects-syrian-rebel-unity-and-divisions-idUSKCN1MO0EL?feedType=RSS&amp;feedName=worldNews</feedburner:origLink></item>
<item>
		<title>Syrian jihadists signal acceptance of Idlib deal</title>

		<description>Syria's main jihadist group signaled on Sunday it would abide by the terms of a Russian-Turkish deal to prevent a Syrian government offensive on rebel-held Idlib the day before a critical deadline.&lt;div class="feedflare"&gt;
&lt;a href="http://feeds.reuters.com/~ff/Reuters/worldNews?a=u0yB66-Wwkc:NeqVxapx2PQ:yIl2AUoC8zA"&gt;&lt;img src="http://feeds.feedburner.com/~ff/Reuters/worldNews?d=yIl2AUoC8zA" border="0"&gt;&lt;/img&gt;&lt;/a&gt; &lt;a href="http://feeds.reuters.com/~ff/Reuters/worldNews?a=u0yB66-Wwkc:NeqVxapx2PQ:F7zBnMyn0Lo"&gt;&lt;img src="http://feeds.feedburner.com/~ff/Reuters/worldNews?i=u0yB66-Wwkc:NeqVxapx2PQ:F7zBnMyn0Lo" border="0"&gt;&lt;/img&gt;&lt;/a&gt; &lt;a href="http://feeds.reuters.com/~ff/Reuters/worldNews?a=u0yB66-Wwkc:NeqVxapx2PQ:V_sGLiPBpWU"&gt;&lt;img src="http://feeds.feedburner.com/~ff/Reuters/worldNews?i=u0yB66-Wwkc:NeqVxapx2PQ:V_sGLiPBpWU" border="0"&gt;&lt;/img&gt;&lt;/a&gt;
&lt;/div&gt;&lt;img src="http://feeds.feedburner.com/~r/Reuters/worldNews/~4/u0yB66-Wwkc" height="1" width="1" alt=""/&gt;</description>

		<link>http://feeds.reuters.com/~r/Reuters/worldNews/~3/u0yB66-Wwkc/syrian-jihadists-signal-acceptance-of-idlib-deal-idUSKCN1MO0SQ</link>
        <guid isPermaLink="false">https://www.reuters.com/article/us-mideast-crisis-syria-idlib/syrian-jihadists-signal-acceptance-of-idlib-deal-idUSKCN1MO0SQ?feedType=RSS&amp;feedName=worldNews</guid>
        <category>worldNews</category>
		<pubDate>Sun, 14 Oct 2018 17:46:25 -0400</pubDate>
		<feedburner:origLink>https://www.reuters.com/article/us-mideast-crisis-syria-idlib/syrian-jihadists-signal-acceptance-of-idlib-deal-idUSKCN1MO0SQ?feedType=RSS&amp;feedName=worldNews</feedburner:origLink></item>
<item>
		<title>Erdogan, Saudi king stress importance of Khashoggi working group: sources</title>

		<description>Turkish President Tayyip Erdogan and King Salman of Saudi Arabia spoke by telephone on Sunday evening and discussed the investigation into the disappearance of Saudi journalist Jamal Khashoggi, Turkish presidential sources said.&lt;div class="feedflare"&gt;
&lt;a href="http://feeds.reuters.com/~ff/Reuters/worldNews?a=fctSKTTEilg:qfIZzmJfyzA:yIl2AUoC8zA"&gt;&lt;img src="http://feeds.feedburner.com/~ff/Reuters/worldNews?d=yIl2AUoC8zA" border="0"&gt;&lt;/img&gt;&lt;/a&gt; &lt;a href="http://feeds.reuters.com/~ff/Reuters/worldNews?a=fctSKTTEilg:qfIZzmJfyzA:F7zBnMyn0Lo"&gt;&lt;img src="http://feeds.feedburner.com/~ff/Reuters/worldNews?i=fctSKTTEilg:qfIZzmJfyzA:F7zBnMyn0Lo" border="0"&gt;&lt;/img&gt;&lt;/a&gt; &lt;a href="http://feeds.reuters.com/~ff/Reuters/worldNews?a=fctSKTTEilg:qfIZzmJfyzA:V_sGLiPBpWU"&gt;&lt;img src="http://feeds.feedburner.com/~ff/Reuters/worldNews?i=fctSKTTEilg:qfIZzmJfyzA:V_sGLiPBpWU" border="0"&gt;&lt;/img&gt;&lt;/a&gt;
&lt;/div&gt;&lt;img src="http://feeds.feedburner.com/~r/Reuters/worldNews/~4/fctSKTTEilg" height="1" width="1" alt=""/&gt;</description>

		<link>http://feeds.reuters.com/~r/Reuters/worldNews/~3/fctSKTTEilg/erdogan-saudi-king-stress-importance-of-khashoggi-working-group-sources-idUSKCN1MO0UD</link>
        <guid isPermaLink="false">https://www.reuters.com/article/us-saudi-politics-dissident-erdogan/erdogan-saudi-king-stress-importance-of-khashoggi-working-group-sources-idUSKCN1MO0UD?feedType=RSS&amp;feedName=worldNews</guid>
        <category>worldNews</category>
		<pubDate>Sun, 14 Oct 2018 16:25:52 -0400</pubDate>
		<feedburner:origLink>https://www.reuters.com/article/us-saudi-politics-dissident-erdogan/erdogan-saudi-king-stress-importance-of-khashoggi-working-group-sources-idUSKCN1MO0UD?feedType=RSS&amp;feedName=worldNews</feedburner:origLink></item>
<item>
		<title>Luxembourg election delivers uncertain outcome</title>

		<description>Luxembourg voters delivered an uncertain outcome in an election on Sunday, leaving the liberal-led coalition with just enough seats to stay in government and the traditionally dominant center-right also capable of returning to power.&lt;div class="feedflare"&gt;
&lt;a href="http://feeds.reuters.com/~ff/Reuters/worldNews?a=tsRfatcdN0o:yrWDSDQOKEg:yIl2AUoC8zA"&gt;&lt;img src="http://feeds.feedburner.com/~ff/Reuters/worldNews?d=yIl2AUoC8zA" border="0"&gt;&lt;/img&gt;&lt;/a&gt; &lt;a href="http://feeds.reuters.com/~ff/Reuters/worldNews?a=tsRfatcdN0o:yrWDSDQOKEg:F7zBnMyn0Lo"&gt;&lt;img src="http://feeds.feedburner.com/~ff/Reuters/worldNews?i=tsRfatcdN0o:yrWDSDQOKEg:F7zBnMyn0Lo" border="0"&gt;&lt;/img&gt;&lt;/a&gt; &lt;a href="http://feeds.reuters.com/~ff/Reuters/worldNews?a=tsRfatcdN0o:yrWDSDQOKEg:V_sGLiPBpWU"&gt;&lt;img src="http://feeds.feedburner.com/~ff/Reuters/worldNews?i=tsRfatcdN0o:yrWDSDQOKEg:V_sGLiPBpWU" border="0"&gt;&lt;/img&gt;&lt;/a&gt;
&lt;/div&gt;&lt;img src="http://feeds.feedburner.com/~r/Reuters/worldNews/~4/tsRfatcdN0o" height="1" width="1" alt=""/&gt;</description>

		<link>http://feeds.reuters.com/~r/Reuters/worldNews/~3/tsRfatcdN0o/luxembourg-election-delivers-uncertain-outcome-idUSKCN1MO04X</link>
        <guid isPermaLink="false">https://www.reuters.com/article/us-luxembourg-election/luxembourg-election-delivers-uncertain-outcome-idUSKCN1MO04X?feedType=RSS&amp;feedName=worldNews</guid>
        <category>worldNews</category>
		<pubDate>Sun, 14 Oct 2018 16:17:02 -0400</pubDate>
		<feedburner:origLink>https://www.reuters.com/article/us-luxembourg-election/luxembourg-election-delivers-uncertain-outcome-idUSKCN1MO04X?feedType=RSS&amp;feedName=worldNews</feedburner:origLink></item>
<item>
		<title>Saudi king says no one can undermine strong relationship with Turkey</title>

		<description>King Salman bin Abdulaziz Al Saud stressed the strength of the relationship between Saudi Arabia and Turkey in a telephone call with President Tayyip Erdogan, the Saudi press agency said late on Sunday.&lt;div class="feedflare"&gt;
&lt;a href="http://feeds.reuters.com/~ff/Reuters/worldNews?a=ET0DDtYle6o:8W8caRa4Q7o:yIl2AUoC8zA"&gt;&lt;img src="http://feeds.feedburner.com/~ff/Reuters/worldNews?d=yIl2AUoC8zA" border="0"&gt;&lt;/img&gt;&lt;/a&gt; &lt;a href="http://feeds.reuters.com/~ff/Reuters/worldNews?a=ET0DDtYle6o:8W8caRa4Q7o:F7zBnMyn0Lo"&gt;&lt;img src="http://feeds.feedburner.com/~ff/Reuters/worldNews?i=ET0DDtYle6o:8W8caRa4Q7o:F7zBnMyn0Lo" border="0"&gt;&lt;/img&gt;&lt;/a&gt; &lt;a href="http://feeds.reuters.com/~ff/Reuters/worldNews?a=ET0DDtYle6o:8W8caRa4Q7o:V_sGLiPBpWU"&gt;&lt;img src="http://feeds.feedburner.com/~ff/Reuters/worldNews?i=ET0DDtYle6o:8W8caRa4Q7o:V_sGLiPBpWU" border="0"&gt;&lt;/img&gt;&lt;/a&gt;
&lt;/div&gt;&lt;img src="http://feeds.feedburner.com/~r/Reuters/worldNews/~4/ET0DDtYle6o" height="1" width="1" alt=""/&gt;</description>

		<link>http://feeds.reuters.com/~r/Reuters/worldNews/~3/ET0DDtYle6o/saudi-king-says-no-one-can-undermine-strong-relationship-with-turkey-idUSKCN1MO0TU</link>
        <guid isPermaLink="false">https://www.reuters.com/article/us-saudi-politics-dissident-king-salman/saudi-king-says-no-one-can-undermine-strong-relationship-with-turkey-idUSKCN1MO0TU?feedType=RSS&amp;feedName=worldNews</guid>
        <category>worldNews</category>
		<pubDate>Sun, 14 Oct 2018 16:13:32 -0400</pubDate>
		<feedburner:origLink>https://www.reuters.com/article/us-saudi-politics-dissident-king-salman/saudi-king-says-no-one-can-undermine-strong-relationship-with-turkey-idUSKCN1MO0TU?feedType=RSS&amp;feedName=worldNews</feedburner:origLink></item>
</channel>
</rss>
